insert into klienci (imie, nazwisko, miasto, adres, telefon, data_urodzenia, typ)
values ('Mieczysław', 'Wieczorek', 'Sławomirowska 129', '578737613', '1983/1/4', '2'),
('Wanda', 'Gajewski', 'Mieczysławowska 40', '585335252', '1952/5/11', '3'),
('Dawid', 'Kowalczyk', 'Leszekowska 93', '525467336', '1942/4/25', '3'),
('Iwona', 'Pawlak', 'Kazimierzowska 37', '567477186', '1969/5/13', '1'),
('Sławomir', 'Czarnecki', 'Janowska 122', '543776985', '1955/11/7', '3'),
('Tadeusz', 'Pawłowski', 'Henrykowska 90', '566318665', '1950/11/12', '3'),
('Kazimierz', 'Przybylski', 'Damianowska 25', '567125832', '1992/8/18', '1'),
('Marta', 'Wilk', 'Adamowska 29', '591452814', '1980/2/11', '1'),
('Tomasz', 'Zakrzewski', 'Arturowska 86', '516948546', '1968/12/20', '3'),
('Maciej', 'Nowakowski', 'Edwardowska 23', '575245137', '1968/9/30', '2'),
('Zofia', 'Lewandowski', 'Mieczysławowska 33', '557731429', '1957/7/18', '1'),
('Mateusz', 'Jaworski', 'Kamilowska 11', '579292716', '1960/11/29', '3'),
('Czesław', 'Wójcik', 'Przemysławowska 74', '598936783', '1978/6/5', '2'),
('Bożena', 'Nowakowski', 'Mirosławowska 77', '516171715', '1979/1/3', '3'),
('Stanisława', 'Rutkowski', 'Krzysztofowska 91', '575282881', '1999/3/16', '1'),
('Beata', 'Czerwiński', 'Kamilowska 110', '587511775', '1967/10/30', '1'),
('Agnieszka', 'Kwiatkowski', 'Dariuszowska 63', '517536753', '1944/2/17', '2'),
('Renata', 'Zawadzki', 'Jacekowska 21', '553339527', '1984/1/25', '1'),
('Marian', 'Michalski', 'Ryszardowska 17', '599238443', '1955/7/20', '1'),
('Andrzej', 'Marciniak', 'Michałowska 88', '546612593', '1974/1/30', '1'),
('Barbara', 'Sobczak', 'Kazimierzowska 64', '566544876', '1940/2/6', '1'),
('Agnieszka', 'Grabowski', 'Władysławowska 13', '532846985', '1945/8/23', '2'),
('Małgorzata', 'Jasiński', 'Henrykowska 140', '565346484', '1999/6/18', '1'),
('Ewelina', 'Baranowski', 'Januszowska 138', '529588752', '1956/9/21', '2'),
('Maciej', 'Krawczyk', 'Łukaszowska 74', '599569116', '1957/4/2', '2'),
('Sławomir', 'Urbański', 'Leszekowska 83', '551588425', '1973/4/2', '3'),
('Adam', 'Jaworski', 'Jacekowska 98', '538818978', '1978/10/11', '1'),
('Stanisława', 'Zalewski', 'Sławomirowska 5', '549656437', '1999/8/11', '2'),
('Natalia', 'Laskowski', 'Ryszardowska 93', '567699664', '1955/2/20', '1'),
('Siemowit', 'Kowalczyk', 'Marekowska 90', '577422336', '1986/5/17', '1'),
('Marta', 'Lis', 'Grzegorzowska 76', '596671245', '1941/12/23', '3'),
('Dawid', 'Szewczyk', 'Tadeuszowska 60', '586264558', '1958/9/4', '2'),
('Karolina', 'Malinowski', 'Krzysztofowska 130', '513111924', '1969/6/25', '3'),
('Czesław', 'Adamczyk', 'Mieczysławowska 46', '589548141', '1950/12/20', '1'),
('Karolina', 'Kaczmarek', 'Robertowska 66', '575161557', '1958/9/23', '2'),
('Krystyna', 'Kowalczyk', 'Dawidowska 78', '553317912', '1994/4/19', '3'),
('Ewelina', 'Szulc', 'Jakubowska 144', '555888741', '1942/10/10', '1'),
('Mariola', 'Sikora', 'Mariuszowska 101', '578189295', '1980/12/18', '1'),
('Agata', 'Wysocki', 'Janowska 66', '534395644', '1951/12/2', '3'),
('Natalia', 'Sawicki', 'Adamowska 57', '587279148', '1955/12/10', '3'),
('Mariusz', 'Piotrowski', 'Marekowska 36', '532396395', '1974/9/18', '3'),
('Piotr', 'Szymański', 'Przemysławowska 61', '536224925', '1985/12/4', '3'),
('Maciej', 'Mazurek', 'Łukaszowska 143', '558453121', '1946/7/7', '2'),
('Adam', 'Kucharski', 'Przemysławowska 127', '581283421', '1971/4/24', '3'),
('Wojciech', 'Szczepański', 'Damianowska 137', '567815225', '1999/7/22', '1'),
('Mariola', 'Marciniak', 'Zdzisławowska 66', '517298268', '1947/3/24', '3'),
('Wiesława', 'Bąk', 'Waldemarowska 71', '549222328', '1952/4/6', '1'),
('Krystyna', 'Brzeziński', 'Maciejowska 41', '521874415', '1941/6/29', '3'),
('Mieczysław', 'Sobczak', 'Wojciechowska 36', '524899986', '1988/6/6', '2'),
('Józef', 'Kaczmarek', 'Romanowska 42', '523619197', '1983/8/1', '2'),
('Helena', 'Baran', 'Mariuszowska 114', '555553169', '1988/7/20', '2'),
('Ewa', 'Kowalczyk', 'Arturowska 99', '568361253', '1987/6/9', '2'),
('Daniel', 'Adamski', 'Mateuszowska 146', '552895821', '1955/8/6', '3'),
('Paweł', 'Stępień', 'Mieczysławowska 81', '576964476', '1979/3/21', '1'),
('Helena', 'Lis', 'Kamilowska 121', '552958486', '1958/12/13', '1'),
('Paweł', 'Kowalski', 'Romanowska 73', '569377671', '1970/11/9', '2'),
('Grzegorz', 'Maciejewski', 'Pawełowska 60', '516683752', '1959/9/10', '1'),
('Maria', 'Grabowski', 'Marcinowska 115', '548728285', '1963/10/22', '2'),
('Beata', 'Olszewski', 'Sebastianowska 117', '546343419', '1981/6/24', '2'),
('Aleksandra', 'Sawicki', 'Józefowska 121', '525714695', '1958/12/27', '2'),
('Tadeusz', 'Ziółkowski', 'Romanowska 72', '526955696', '1990/2/19', '1'),
('Stefania', 'Zieliński', 'Kazimierzowska 130', '532182676', '1950/12/25', '2'),
('Agnieszka', 'Lewandowski', 'Mieczysławowska 113', '573833485', '1955/12/5', '1'),
('Agata', 'Cieślak', 'Janowska 62', '598517968', '1978/6/25', '3'),
('Stefania', 'Rutkowski', 'Jarosławowska 39', '567264843', '1943/9/3', '1'),
('Beata', 'Michalski', 'Januszowska 77', '555571125', '1973/9/29', '2'),
('Mirosław', 'Sikora', 'Adamowska 31', '524945162', '1952/10/19', '1'),
('Genowefa', 'Ziółkowski', 'Grzegorzowska 20', '558969185', '1992/10/28', '2'),
('Paulina', 'Baranowski', 'Sebastianowska 88', '516914537', '1956/11/13', '2'),
('Dorota', 'Wilk', 'Kazimierzowska 87', '596367199', '1947/10/21', '1'),
('Roman', 'Adamczyk', 'Kamilowska 2', '581896372', '1994/3/13', '1'),
('Genowefa', 'Zakrzewski', 'Januszowska 90', '525735811', '1952/5/11', '2'),
('Halina', 'Dudek', 'Marcinowska 18', '555936736', '1973/8/27', '2'),
('Mateusz', 'Ostrowski', 'Janowska 24', '597684966', '1958/2/28', '2'),
('Agnieszka', 'Kalinowski', 'Romanowska 54', '573365373', '1964/10/4', '1'),
('Jan', 'Duda', 'Marekowska 47', '526234938', '1974/6/27', '2'),
('Joanna', 'Andrzejewski', 'Romanowska 14', '518339693', '1995/10/1', '3'),
('Danuta', 'Kubiak', 'Grzegorzowska 105', '547245595', '1948/10/26', '1'),
('Przemysław', 'Michalak', 'Andrzejowska 99', '515741394', '1973/8/14', '3'),
('Agata', 'Wasilewski', 'Czesławowska 12', '532665831', '1961/2/9', '1'),
('Dorota', 'Kaźmierczak', 'Robertowska 31', '534433664', '1953/4/18', '1'),
('Katarzyna', 'Baranowski', 'Władysławowska 13', '579997142', '1954/9/16', '2'),
('Grzegorz', 'Król', 'Przemysławowska 1', '565282788', '1948/2/1', '3'),
('Józef', 'Ziółkowski', 'Danielowska 96', '566425729', '1953/5/27', '3'),
('Jarosław', 'Pawłowski', 'Maciejowska 120', '596518271', '1949/4/2', '1'),
('Marcin', 'Wasilewski', 'Przemysławowska 6', '518273819', '1965/2/10', '1'),
('Wiesława', 'Czarnecki', 'Piotrowska 21', '535329918', '1992/12/17', '2'),
('Stefania', 'Kozłowski', 'Michałowska 109', '545444567', '1943/2/17', '3'),
('Izabela', 'Król', 'Tomaszowska 60', '552689595', '1941/3/21', '3'),
('Jadwiga', 'Kwiatkowski', 'Jakubowska 78', '565435284', '1973/3/4', '3'),
('Teresa', 'Brzeziński', 'Rafałowska 123', '514745576', '1947/6/2', '3'),
('Elżbieta', 'Woźniak', 'Henrykowska 43', '588876965', '1960/4/11', '1'),
('Jakub', 'Krawczyk', 'Jakubowska 88', '532623943', '1942/8/18', '2'),
('Mariola', 'Kucharski', 'Leszekowska 1', '536181454', '1952/6/10', '2'),
('Ryszard', 'Zając', 'Jarosławowska 92', '564546191', '1960/11/28', '2'),
('Urszula', 'Laskowski', 'Czesławowska 86', '575997374', '1952/5/23', '3'),
('Przemysław', 'Jabłoński', 'Waldemarowska 40', '544344828', '1991/1/27', '2'),
('Leszek', 'Duda', 'Zdzisławowska 10', '598372111', '1964/9/20', '2'),
('Krzysztof', 'Baranowski', 'Dawidowska 55', '542742665', '1952/7/25', '1'),
('Tadeusz', 'Krawczyk', 'Dawidowska 12', '575755924', '1941/7/3', '3'),
('Janusz', 'Wójcik', 'Danielowska 95', '587554616', '1980/4/25', '1'),
('Wojciech', 'Walczak', 'Maciejowska 43', '545778367', '1978/4/10', '2'),
('Joanna', 'Zalewski', 'Edwardowska 61', '567319479', '1983/7/16', '1'),
('Teresa', 'Nowak', 'Mirosławowska 130', '594427882', '1961/9/22', '2'),
('Tadeusz', 'Czerwiński', 'Zbigniewowska 50', '582958339', '1967/4/24', '2'),
('Justyna', 'Cieślak', 'Wiesławowska 18', '582992915', '1963/10/27', '3'),
('Agnieszka', 'Witkowski', 'Robertowska 107', '525857116', '1987/12/1', '3'),
('Irena', 'Kowalski', 'Tomaszowska 106', '575615666', '1974/12/14', '2'),
('Stanisława', 'Pietrzak', 'Januszowska 75', '527441295', '1964/4/11', '1'),
('Patrycja', 'Lewandowski', 'Tadeuszowska 87', '558998787', '1987/9/21', '1'),
('Stanisława', 'Nowicki', 'Tomaszowska 44', '567637238', '1961/12/15', '3'),
('Dariusz', 'Wasilewski', 'Mateuszowska 26', '563483367', '1989/3/18', '3'),
('Aneta', 'Pawlak', 'Zdzisławowska 85', '584116243', '1994/6/19', '1'),
('Roman', 'Pawlak', 'Przemysławowska 5', '568769915', '1964/12/4', '3'),
('Mariola', 'Gajewski', 'Sławomirowska 64', '554261559', '1963/4/11', '1'),
('Sławomir', 'Jakubowski', 'Przemysławowska 52', '596433327', '1953/3/7', '2'),
('Władysław', 'Tomaszewski', 'Jerzyowska 67', '599526324', '1968/7/30', '2'),
('Natalia', 'Borkowski', 'Mieczysławowska 127', '523745197', '1994/8/22', '1'),
('Czesław', 'Zawadzki', 'Danielowska 8', '595158683', '1968/6/6', '2'),
('Dawid', 'Laskowski', 'Jerzyowska 12', '517129356', '1966/9/17', '3'),
('Renata', 'Jasiński', 'Przemysławowska 117', '579148393', '1948/2/20', '3'),
('Paulina', 'Sokołowski', 'Czesławowska 94', '535458198', '1962/8/8', '2'),
('Robert', 'Chmielewski', 'Grzegorzowska 11', '538632586', '1943/1/13', '2'),
('Jolanta', 'Wojciechowski', 'Kamilowska 74', '513634272', '1950/3/3', '3'),
('Justyna', 'Grabowski', 'Ryszardowska 63', '577991518', '1969/3/1', '3'),
('Damian', 'Włodarczyk', 'Grzegorzowska 94', '534343821', '1955/4/20', '3'),
('Joanna', 'Szewczyk', 'Kamilowska 89', '597842859', '1947/5/7', '2'),
('Joanna', 'Duda', 'Pawełowska 65', '578626461', '1963/9/5', '3'),
('Krystyna', 'Zając', 'Jacekowska 87', '541679466', '1954/4/28', '2'),
('Mariola', 'Czarnecki', 'Arturowska 100', '544572519', '1952/7/18', '2'),
('Justyna', 'Ostrowski', 'Stanisławowska 113', '514895319', '1983/8/17', '2'),
('Daniel', 'Jaworski', 'Władysławowska 46', '541871939', '1955/11/7', '2'),
('Katarzyna', 'Wilk', 'Wiesławowska 3', '573282663', '1956/1/25', '1'),
('Dorota', 'Kamiński', 'Jacekowska 42', '596361949', '1941/5/25', '3'),
('Wojciech', 'Sokołowski', 'Zdzisławowska 71', '538758142', '1983/8/30', '3'),
('Grzegorz', 'Szulc', 'Rafałowska 147', '539644961', '1999/3/11', '3'),
('Justyna', 'Pietrzak', 'Damianowska 6', '553595968', '1946/12/20', '2'),
('Krzysztof', 'Laskowski', 'Zbigniewowska 73', '544181684', '1944/3/16', '2'),
('Patrycja', 'Wiśniewski', 'Czesławowska 133', '551876986', '1963/3/2', '3'),
('Tomasz', 'Duda', 'Tomaszowska 124', '574443766', '1990/2/4', '2'),
('Adam', 'Woźniak', 'Pawełowska 16', '573988511', '1949/1/8', '1'),
('Piotr', 'Kołodziej', 'Przemysławowska 148', '553415318', '1971/6/7', '2'),
('Andrzej', 'Pawłowski', 'Zbigniewowska 69', '537184358', '1940/8/11', '3'),
('Leszek', 'Michalski', 'Grzegorzowska 29', '564834984', '1978/4/11', '3'),
('Aneta', 'Jabłoński', 'Czesławowska 93', '559521874', '1989/12/2', '3'),
('Artur', 'Laskowski', 'Stanisławowska 27', '575113987', '1993/8/9', '2'),
('Dariusz', 'Cieślak', 'Damianowska 83', '577463752', '1981/6/28', '2'),
('Jakub', 'Szulc', 'Czesławowska 12', '587297311', '1989/3/14', '3'),
('Janina', 'Wilk', 'Jacekowska 34', '572189316', '1996/5/12', '1'),
('Mieczysław', 'Majewski', 'Waldemarowska 116', '595466665', '1954/5/13', '2'),
('Grażyna', 'Wróblewski', 'Romanowska 6', '549139893', '1993/4/30', '1'),
('Małgorzata', 'Urbański', 'Janowska 21', '548234827', '1994/10/13', '2'),
('Jakub', 'Szymczak', 'Sławomirowska 67', '592956265', '1987/4/30', '3'),
('Artur', 'Kołodziej', 'Zdzisławowska 1', '582249487', '1964/9/25', '2'),
('Artur', 'Grabowski', 'Mieczysławowska 38', '564995293', '1968/4/7', '2'),
('Iwona', 'Andrzejewski', 'Mariuszowska 65', '567553254', '1950/12/16', '1'),
('Jacek', 'Król', 'Danielowska 106', '553584741', '1971/10/28', '2'),
('Agata', 'Pawłowski', 'Wiesławowska 54', '528767737', '1955/9/29', '1'),
('Marcin', 'Olszewski', 'Mieczysławowska 143', '534498728', '1994/4/8', '1'),
('Zbigniew', 'Maciejewski', 'Waldemarowska 26', '561621564', '1961/9/7', '3'),
('Mateusz', 'Lewandowski', 'Przemysławowska 55', '587659546', '1958/10/28', '2'),
('Tomasz', 'Zając', 'Damianowska 11', '579326448', '1940/6/4', '2'),
('Bożena', 'Wysocki', 'Marianowska 64', '563516693', '1966/2/15', '3'),
('Mariusz', 'Urbański', 'Marcinowska 87', '577119979', '1981/1/9', '1'),
('Władysław', 'Wójcik', 'Ryszardowska 10', '573435239', '1986/10/28', '2'),
('Mariola', 'Chmielewski', 'Grzegorzowska 40', '569256299', '1957/9/25', '2'),
('Grażyna', 'Michalski', 'Zbigniewowska 33', '528178242', '1983/8/9', '3'),
('Krystyna', 'Mazurek', 'Krzysztofowska 149', '569585295', '1942/4/9', '1'),
('Janusz', 'Zalewski', 'Dariuszowska 75', '575983254', '1940/5/29', '1'),
('Jarosław', 'Nowakowski', 'Mieczysławowska 92', '574125444', '1964/8/29', '1'),
('Marta', 'Tomaszewski', 'Danielowska 94', '535114113', '1942/6/22', '3'),
('Jarosław', 'Sikora', 'Czesławowska 108', '571593729', '1981/6/16', '3'),
('Paweł', 'Sadowski', 'Mariuszowska 40', '515812452', '1981/2/9', '1'),
('Jerzy', 'Zieliński', 'Jarosławowska 91', '585496772', '1961/3/1', '1'),
('Marta', 'Gajewski', 'Ryszardowska 106', '524313373', '1991/1/6', '2'),
('Alicja', 'Dąbrowski', 'Sławomirowska 59', '516723269', '1960/4/11', '3'),
('Marcin', 'Czerwiński', 'Jakubowska 59', '564365171', '1945/10/5', '1'),
('Mieczysław', 'Szulc', 'Michałowska 88', '532985394', '1971/3/15', '1'),
('Maciej', 'Tomaszewski', 'Józefowska 138', '564448835', '1943/9/28', '1'),
('Teresa', 'Kalinowski', 'Damianowska 150', '583253279', '1956/10/18', '2'),
('Wojciech', 'Wieczorek', 'Dawidowska 147', '571162235', '1990/11/27', '1'),
('Kamil', 'Zając', 'Mateuszowska 96', '531632134', '1949/5/1', '3'),
('Jarosław', 'Nowak', 'Rafałowska 56', '558135171', '1994/3/3', '2'),
('Przemysław', 'Zieliński', 'Piotrowska 36', '592457741', '1970/2/22', '2'),
('Janina', 'Jaworski', 'Andrzejowska 78', '539471271', '1947/9/21', '1'),
('Irena', 'Piotrowski', 'Janowska 74', '522269665', '1952/1/25', '1'),
('Wiesława', 'Jaworski', 'Sebastianowska 30', '599212789', '1942/6/9', '2'),
('Elżbieta', 'Przybylski', 'Mateuszowska 3', '567139544', '1997/1/3', '2'),
('Dawid', 'Górski', 'Przemysławowska 143', '535675891', '1950/5/30', '3'),
('Renata', 'Kaźmierczak', 'Mariuszowska 68', '575356114', '1988/7/30', '1'),
('Magdalena', 'Jakubowski', 'Edwardowska 42', '524495469', '1968/9/6', '1'),
('Mariola', 'Marciniak', 'Wojciechowska 27', '542386956', '1956/4/2', '3'),
('Waldemar', 'Wójcik', 'Krzysztofowska 50', '574246495', '1962/5/12', '2'),
('Roman', 'Kubiak', 'Maciejowska 29', '567466149', '1989/7/16', '3'),
('Sławomir', 'Ostrowski', 'Rafałowska 60', '568766636', '1971/8/20', '2'),
('Małgorzata', 'Kubiak', 'Grzegorzowska 34', '565345973', '1952/7/16', '2'),
('Ewelina', 'Wojciechowski', 'Michałowska 58', '578248722', '1960/3/29', '3'),
('Mariola', 'Maciejewski', 'Mieczysławowska 118', '515236722', '1984/11/3', '1'),
('Leszek', 'Kubiak', 'Mieczysławowska 32', '567657581', '1963/11/7', '1'),
('Halina', 'Wilk', 'Stanisławowska 114', '571361976', '1993/2/29', '2');

insert into pracownicy (imie, nazwisko, adres, telefon, data_urodzenia, data_zatrudnienia, stanowisko_nr, placa)
values ('Katarzyna', 'Kubiak', '1', 'Mieczysławowska 78', '512648351', '1971/5/2', '2015/8/12', '6', '10000'),
('Wiesława', 'Makowski', '2', 'Tomaszowska 145', '515763547', '1966/12/20', '2013/4/3', '4', '11000'),
('Marcin', 'Kozłowski', '9', 'Piotrowska 11', '543519164', '1992/4/21', '2010/12/28', '4', '12000'),
('Czesław', 'Olszewski', '8', 'Dariuszowska 87', '519271258', '1968/4/30', '2004/11/18', '7', '5000'),
('Stefania', 'Górski', '1', 'Wiesławowska 83', '571142548', '1956/9/25', '2013/5/16', '7', '9000'),
('Marek', 'Kowalski', '8', 'Myszkorowska 56', '555916273', '1971/2/4', '2005/1/8', '3', '5000'),
('Jan', 'Sobczak', '1', 'Czesławowska 144', '526541778', '1955/3/20', '2012/1/12', '6', '14000'),
('Mariusz', 'Jasiński', '4', 'Arturowska 76', '556576628', '1979/5/11', '2013/3/14', '7', '12000'),
('Marek', 'Nowak', '8', 'Mirosławowska 67', '525628584', '1981/8/17', '2013/2/2', '1', '9000'),
('Mieczysław', 'Brzeziński', '1', 'Andrzejowska 132', '515576385', '1960/9/6', '2011/2/15', '8', '9000'),
('Marek', 'Kalinowski', '2', 'Mariuszowska 139', '541672118', '1943/8/15', '2004/4/4', '7', '9000'),
('Magdalena', 'Wróbel', '3', 'Wojciechowska 91', '579925144', '1989/2/11', '2013/12/23', '3', '7000'),
('Jacek', 'Tomaszewski', '3', 'Mateuszowska 48', '568254716', '1971/10/27', '2010/11/7', '5', '7000'),
('Patrycja', 'Borkowski', '10', 'Rafałowska 70', '517394124', '1993/2/1', '2014/2/30', '7', '3000'),
('Edyta', 'Przybylski', '9', 'Mirosławowska 73', '555382578', '1975/9/9', '2012/9/11', '5', '7000'),
('Zdzisław', 'Olszewski', '7', 'Grzegorzowska 133', '582894613', '1992/11/11', '2015/12/13', '1', '4000'),
('Michał', 'Król', '8', 'Mirosławowska 133', '546787518', '1954/7/16', '2003/8/19', '10', '7000'),
('Krystyna', 'Kubiak', '4', 'Damianowska 147', '557352653', '1941/12/13', '2015/8/2', '10', '13000'),
('Andrzej', 'Czarnecki', '7', 'Adamowska 42', '529126475', '1993/7/16', '2012/11/12', '6', '7000'),
('Tomasz', 'Woźniak', '1', 'Waldemarowska 97', '521865828', '1995/8/30', '2013/8/9', '4', '10000'),
('Paulina', 'Witkowski', '10', 'Sebastianowska 37', '525772717', '1973/10/29', '2005/10/4', '3', '11000'),
('Kazimiera', 'Piotrowski', '8', 'Jakubowska 30', '546297566', '1953/10/20', '2013/10/6', '4', '12000'),
('Marcin', 'Jasiński', '1', 'Dariuszowska 20', '534251271', '1964/1/26', '2011/9/13', '6', '4000'),
('Władysław', 'Krawczyk', '4', 'Mieczysławowska 1', '572412133', '1948/6/1', '2014/2/11', '10', '7000'),
('Agnieszka', 'Czerwiński', '7', 'Grzegorzowska 113', '582565798', '1978/1/24', '2012/1/23', '10', '6000'),
('Krystyna', 'Kozłowski', '3', 'Jakubowska 91', '563688181', '1975/10/13', '2010/2/2', '6', '14000'),
('Daniel', 'Michalak', '3', 'Piotrowska 66', '521596873', '1969/12/2', '2010/3/4', '5', '3000'),
('Rafał', 'Urbański', '1', 'Grzegorzowska 32', '544558142', '1940/11/7', '2014/3/15', '8', '2000'),
('Mariusz', 'Zieliński', '6', 'Przemysławowska 82', '516585286', '1949/12/27', '2013/2/16', '4', '12000'),
('Sebastian', 'Kamiński', '6', 'Tomaszowska 51', '558735446', '1963/4/14', '2001/10/27', '1', '11000'),
('Urszula', 'Lewandowski', '1', 'Mirosławowska 122', '518476762', '1973/1/26', '2011/6/13', '8', '7000'),
('Jacek', 'Tomaszewski', '8', 'Józefowska 90', '545164622', '1986/3/14', '2002/12/5', '6', '10000'),
('Wojciech', 'Zieliński', '9', 'Januszowska 74', '549129376', '1985/8/18', '2013/5/3', '6', '8000'),
('Wojciech', 'Kowalski', '4', 'Sebastianowska 131', '564944371', '1950/2/1', '2010/9/12', '4', '7000'),
('Maria', 'Rutkowski', '3', 'Mieczysławowska 131', '527925321', '1971/3/18', '2014/7/20', '8', '6000'),
('Jadwiga', 'Sawicki', '1', 'Ryszardowska 142', '589656565', '1946/8/18', '2012/1/18', '8', '5000'),
('Elżbieta', 'Olszewski', '6', 'Januszowska 108', '512133937', '1989/1/27', '2001/5/18', '1', '5000'),
('Justyna', 'Wróblewski', '4', 'Tomaszowska 93', '529926185', '1963/8/6', '2002/4/5', '9', '5000'),
('Agnieszka', 'Olszewski', '7', 'Czesławowska 30', '545776581', '1975/10/23', '2014/4/17', '2', '2000'),
('Urszula', 'Stępień', '8', 'Jerzyowska 92', '535836895', '1969/2/19', '2012/7/27', '4', '4000'),
('Sylwia', 'Michalak', '8', 'Kazimierzowska 120', '592575151', '1975/7/9', '2011/6/9', '8', '8000'),
('Alicja', 'Kołodziej', '10', 'Pawełowska 47', '562152247', '1950/10/16', '2000/10/20', '3', '6000'),
('Janusz', 'Cieślak', '8', 'Waldemarowska 114', '597843313', '1963/5/18', '2003/10/25', '10', '8000'),
('Myszkor', 'Chmielewski', '4', 'Józefowska 47', '587475637', '1996/4/28', '2011/3/17', '4', '4000'),
('Krzysztof', 'Adamski', '3', 'Mateuszowska 70', '559982429', '1982/10/26', '2004/3/18', '3', '6000'),
('Natalia', 'Kamiński', '1', 'Waldemarowska 107', '588918237', '1969/9/12', '2003/2/25', '2', '8000'),
('Dariusz', 'Adamczyk', '10', 'Marianowska 84', '594617996', '1970/11/29', '2005/12/5', '8', '5000'),
('Artur', 'Michalak', '10', 'Marianowska 91', '596738322', '1956/12/4', '2011/5/28', '1', '9000'),
('Tomasz', 'Marciniak', '6', 'Grzegorzowska 133', '588996665', '1961/8/8', '2015/12/13', '5', '3000'),
('Bożena', 'Kaźmierczak', '2', 'Mirosławowska 21', '528581617', '1969/5/26', '2015/10/20', '6', '6000'),
('Jacek', 'Walczak', '9', 'Adamowska 16', '572118311', '1968/3/23', '2013/1/11', '4', '8000'),
('Zbigniew', 'Tomaszewski', '3', 'Ryszardowska 107', '596711123', '1965/9/25', '2014/3/14', '6', '11000'),
('Ewelina', 'Sokołowski', '8', 'Piotrowska 51', '581466383', '1951/2/26', '2001/4/24', '8', '11000'),
('Mateusz', 'Sawicki', '10', 'Kamilowska 40', '589966425', '1977/5/23', '2015/11/17', '7', '8000'),
('Kazimiera', 'Andrzejewski', '7', 'Sebastianowska 121', '588918623', '1968/3/15', '2003/6/6', '1', '6000'),
('Małgorzata', 'Zieliński', '8', 'Maciejowska 106', '594298166', '1995/11/21', '2003/2/5', '3', '12000'),
('Mateusz', 'Kalinowski', '2', 'Romanowska 132', '555995529', '1972/6/1', '2003/9/14', '9', '5000'),
('Helena', 'Adamczyk', '9', 'Zdzisławowska 26', '592772971', '1980/5/27', '2015/7/9', '4', '7000'),
('Sławomir', 'Kwiatkowski', '3', 'Rafałowska 45', '523564459', '1966/6/5', '2002/5/19', '3', '7000'),
('Jolanta', 'Piotrowski', '4', 'Przemysławowska 75', '572531915', '1971/4/29', '2003/8/13', '2', '4000'),
('Rafał', 'Ziółkowski', '10', 'Mateuszowska 141', '536856939', '1963/9/17', '2000/7/17', '9', '6000'),
('Artur', 'Szymański', '3', 'Waldemarowska 100', '565428533', '1985/4/21', '2000/8/10', '9', '6000'),
('Stanisława', 'Pietrzak', '7', 'Mieczysławowska 15', '591866236', '1986/2/14', '2012/8/27', '6', '6000'),
('Genowefa', 'Jasiński', '2', 'Piotrowska 140', '564553742', '1958/5/23', '2015/3/6', '2', '8000'),
('Agnieszka', 'Kowalski', '1', 'Krzysztofowska 2', '527185714', '1981/3/9', '2012/1/9', '8', '6000'),
('Patrycja', 'Mazur', '8', 'Rafałowska 84', '559864857', '1966/1/13', '2002/4/24', '5', '11000'),
('Ryszard', 'Dąbrowski', '4', 'Mirosławowska 15', '549169593', '1954/1/6', '2011/3/16', '10', '10000'),
('Jakub', 'Wiśniewski', '6', 'Januszowska 21', '568723652', '1974/5/9', '2010/5/11', '4', '6000'),
('Helena', 'Jankowski', '4', 'Jacekowska 132', '584497957', '1945/1/13', '2005/9/16', '7', '6000'),
('Dorota', 'Kaźmierczak', '6', 'Maciejowska 121', '582595198', '1967/7/21', '2005/8/3', '9', '11000'),
('Krystyna', 'Wróbel', '4', 'Mateuszowska 132', '585739212', '1961/9/28', '2010/2/11', '8', '6000'),
('Patrycja', 'Rutkowski', '8', 'Marekowska 114', '541844543', '1944/10/14', '2011/3/5', '3', '7000'),
('Elżbieta', 'Szymański', '6', 'Wiesławowska 4', '523938547', '1976/6/1', '2012/3/8', '2', '10000'),
('Irena', 'Pawlak', '1', 'Przemysławowska 117', '526326333', '1972/1/14', '2005/2/29', '3', '7000'),
('Elżbieta', 'Kucharski', '8', 'Kamilowska 85', '577291724', '1950/6/28', '2011/9/12', '1', '6000'),
('Kazimierz', 'Piotrowski', '1', 'Leszekowska 66', '551917324', '1986/1/19', '2014/7/10', '3', '7000'),
('Danuta', 'Czarnecki', '10', 'Piotrowska 139', '568415951', '1958/8/26', '2005/6/8', '4', '4000'),
('Elżbieta', 'Zieliński', '8', 'Leszekowska 104', '529277428', '1998/4/2', '2005/3/26', '3', '6000'),
('Dorota', 'Brzeziński', '5', 'Rafałowska 70', '527171372', '1987/9/27', '2000/12/19', '1', '9000'),
('Izabela', 'Malinowski', '2', 'Tomaszowska 121', '572512823', '1989/12/3', '2015/10/4', '4', '13000');

insert into pracownicy_hist (imie, nazwisko, adres, telefon, data_urodzenia, stanowisko_nr, placa, data_zatrudnienia, data_zwolnienia)
values ('Adam', 'Jasiński', '8', 'Zbigniewowska 119', '589791397', '1958/6/2', '4', '6000', '2003/7/4', '2005/2/3'),
('Piotr', 'Wróblewski', '1', 'Romanowska 35', '539321443', '1996/10/28', '1', '3000', '2001/11/17', '2005/12/1'),
('Stanisława', 'Wieczorek', '1', 'Jacekowska 150', '594464744', '1970/4/21', '9', '11000', '2000/12/24', '2006/5/25'),
('Jerzy', 'Czarnecki', '10', 'Zdzisławowska 11', '551148784', '1952/4/27', '10', '8000', '2003/9/26', '2007/9/8'),
('Daniel', 'Wiśniewski', '1', 'Piotrowska 131', '582355332', '1946/12/23', '9', '7000', '2003/11/3', '2007/9/4'),
('Jacek', 'Grabowski', '5', 'Michałowska 35', '547116543', '1969/7/5', '8', '10000', '2003/5/22', '2005/3/10'),
('Józef', 'Chmielewski', '3', 'Romanowska 76', '567348711', '1967/4/6', '2', '14000', '2000/5/25', '2005/5/14'),
('Marta', 'Kowalski', '7', 'Łukaszowska 90', '592347432', '1986/1/13', '10', '11000', '2003/6/17', '2009/9/23'),
('Jarosław', 'Zakrzewski', '2', 'Dariuszowska 111', '571915866', '1941/1/7', '1', '9000', '2001/1/2', '2004/5/23'),
('Urszula', 'Jabłoński', '7', 'Kamilowska 140', '567265234', '1941/11/12', '8', '10000', '2002/1/9', '2008/9/11'),
('Helena', 'Przybylski', '1', 'Tadeuszowska 38', '581227289', '1977/3/24', '1', '6000', '2000/7/14', '2005/8/16'),
('Dawid', 'Sobczak', '7', 'Adamowska 33', '558368242', '1997/2/7', '10', '8000', '2000/11/26', '2005/4/20'),
('Janina', 'Ziółkowski', '4', 'Jakubowska 63', '566837423', '1979/10/17', '9', '8000', '2002/3/4', '2005/9/18'),
('Izabela', 'Krawczyk', '10', 'Przemysławowska 104', '571821514', '1942/5/7', '6', '10000', '2003/12/29', '2006/8/23'),
('Tadeusz', 'Adamczyk', '8', 'Krzysztofowska 34', '566372219', '1953/6/21', '10', '8000', '2001/11/18', '2008/1/24'),
('Anna', 'Jabłoński', '10', 'Marianowska 44', '585143449', '1964/12/13', '4', '9000', '2003/1/26', '2009/10/19'),
('Stanisław', 'Wróbel', '3', 'Sławomirowska 52', '594791629', '1946/11/25', '1', '5000', '2000/9/28', '2004/4/10'),
('Kazimiera', 'Olszewski', '7', 'Tadeuszowska 145', '537965313', '1959/10/19', '5', '6000', '2002/12/27', '2007/3/14'),
('Jan', 'Zakrzewski', '8', 'Józefowska 98', '595738865', '1945/3/12', '9', '13000', '2002/11/5', '2006/4/27'),
('Damian', 'Brzeziński', '9', 'Henrykowska 80', '521751617', '1999/10/30', '1', '9000', '2001/9/23', '2008/5/20'),
('Stanisław', 'Szymański', '4', 'Stanisławowska 110', '599464527', '1965/2/7', '5', '13000', '2002/12/5', '2009/3/13'),
('Henryk', 'Zakrzewski', '7', 'Mateuszowska 113', '522549751', '1956/7/30', '3', '8000', '2001/2/22', '2008/12/23'),
('Agata', 'Bąk', '9', 'Arturowska 94', '515894458', '1953/8/11', '1', '9000', '2002/7/16', '2005/6/4'),
('Mirosław', 'Zając', '10', 'Sławomirowska 58', '511568686', '1972/4/11', '6', '5000', '2002/9/14', '2009/5/26'),
('Kazimiera', 'Adamski', '1', 'Maciejowska 92', '589189237', '1983/2/14', '4', '10000', '2000/3/9', '2008/2/17'),
('Grzegorz', 'Woźniak', '8', 'Jacekowska 38', '537238813', '1979/12/4', '7', '4000', '2003/6/21', '2009/3/23'),
('Władysław', 'Baranowski', '5', 'Danielowska 63', '525237513', '1989/6/8', '1', '9000', '2001/4/19', '2009/10/4'),
('Bożena', 'Nowakowski', '6', 'Jakubowska 18', '584377149', '1952/11/11', '1', '7000', '2003/6/1', '2007/7/5'),
('Myszkor', 'Tomaszewski', '10', 'Zbigniewowska 119', '566233576', '1981/12/18', '6', '10000', '2002/9/20', '2004/3/13'),
('Wojciech', 'Piotrowski', '7', 'Romanowska 46', '597357323', '1991/2/22', '6', '8000', '2000/12/13', '2008/11/27'),
('Izabela', 'Głowacki', '3', 'Januszowska 136', '542147247', '1962/10/19', '9', '5000', '2001/8/11', '2005/5/23'),
('Jarosław', 'Szulc', '3', 'Edwardowska 141', '529119912', '1950/2/26', '10', '9000', '2000/2/10', '2009/5/22'),
('Wanda', 'Kaźmierczak', '2', 'Janowska 142', '511294615', '1954/5/7', '6', '8000', '2002/12/7', '2004/5/2'),
('Agata', 'Michalak', '9', 'Ryszardowska 126', '521529954', '1966/8/7', '1', '8000', '2002/5/8', '2004/9/1'),
('Kamil', 'Michalak', '5', 'Piotrowska 4', '556665866', '1990/8/5', '3', '10000', '2001/1/1', '2004/6/5'),
('Halina', 'Kucharski', '4', 'Przemysławowska 36', '556237162', '1950/9/25', '10', '9000', '2003/4/28', '2009/4/24'),
('Piotr', 'Szulc', '6', 'Jakubowska 104', '545181519', '1958/7/25', '10', '1000', '2002/12/21', '2004/3/29'),
('Magdalena', 'Wojciechowski', '9', 'Tadeuszowska 37', '516946597', '1949/8/21', '9', '7000', '2003/5/21', '2006/10/12'),
('Mieczysław', 'Majewski', '4', 'Mariuszowska 108', '587443721', '1986/9/7', '6', '8000', '2002/3/13', '2008/7/12'),
('Teresa', 'Szymczak', '5', 'Sławomirowska 64', '584546518', '1991/6/29', '8', '6000', '2003/6/4', '2005/1/25'),
('Monika', 'Ostrowski', '3', 'Januszowska 124', '595836992', '1972/8/21', '3', '8000', '2000/4/15', '2008/12/21'),
('Stanisława', 'Grabowski', '6', 'Leszekowska 146', '545639458', '1965/11/2', '1', '13000', '2002/8/8', '2004/7/15'),
('Łukasz', 'Wójcik', '5', 'Marekowska 127', '588356465', '1969/5/1', '4', '6000', '2002/2/2', '2007/6/27'),
('Mariola', 'Wróbel', '5', 'Rafałowska 66', '565964442', '1988/2/20', '8', '7000', '2000/9/12', '2008/10/9'),
('Zdzisław', 'Zalewski', '7', 'Kazimierzowska 114', '542294689', '1958/3/25', '8', '7000', '2003/8/14', '2005/8/10'),
('Dorota', 'Sikorski', '5', 'Dawidowska 30', '598881568', '1982/3/20', '8', '13000', '2001/11/15', '2005/2/15'),
('Jadwiga', 'Baranowski', '10', 'Myszkorowska 52', '548942415', '1985/11/9', '2', '9000', '2002/4/6', '2009/12/25'),
('Sławomir', 'Król', '4', 'Jarosławowska 141', '537668319', '1940/2/27', '7', '11000', '2000/1/9', '2004/11/16'),
('Przemysław', 'Cieślak', '5', 'Kazimierzowska 65', '514999841', '1958/1/9', '10', '13000', '2001/4/6', '2004/8/28'),
('Piotr', 'Sokołowski', '3', 'Stanisławowska 6', '542734266', '1987/3/26', '6', '8000', '2001/9/11', '2008/12/10');

insert into pokoje (pokoj_nr, liczba_osob, cena, czy_jest_wanna, czy_jest_sejf)
values ('100', '2', '500', '0', '1'),
('101', '3', '500', '0', '0'),
('102', '4', '800', '1', '0'),
('103', '3', '800', '0', '1'),
('104', '4', '800', '0', '0'),
('105', '4', '900', '0', '1'),
('106', '1', '600', '0', '0'),
('107', '2', '600', '0', '1'),
('108', '4', '800', '1', '0'),
('109', '3', '1000', '0', '1'),
('200', '2', '900', '0', '0'),
('201', '2', '900', '1', '0'),
('202', '4', '700', '1', '1'),
('203', '1', '700', '1', '0'),
('204', '3', '1000', '1', '0'),
('205', '1', '600', '1', '1'),
('206', '1', '800', '0', '0'),
('207', '3', '500', '0', '0'),
('208', '3', '800', '0', '1'),
('209', '4', '700', '1', '0'),
('300', '4', '600', '0', '0'),
('301', '1', '700', '0', '1'),
('302', '3', '800', '0', '0'),
('303', '1', '800', '1', '0'),
('304', '3', '600', '1', '0'),
('305', '4', '1000', '1', '0'),
('306', '4', '1000', '1', '0'),
('307', '3', '800', '0', '1'),
('308', '1', '600', '1', '0'),
('309', '2', '600', '0', '0'),
('400', '4', '500', '1', '1'),
('401', '1', '1000', '1', '1'),
('402', '2', '600', '1', '1'),
('403', '1', '900', '1', '1'),
('404', '1', '700', '1', '0'),
('405', '1', '700', '0', '1'),
('406', '1', '800', '0', '1'),
('407', '2', '500', '1', '1'),
('408', '3', '800', '0', '1'),
('409', '4', '700', '1', '1'),
('500', '1', '800', '0', '0'),
('501', '2', '800', '0', '0'),
('502', '1', '500', '1', '0'),
('503', '1', '600', '0', '1'),
('504', '4', '800', '1', '0'),
('505', '2', '500', '0', '1'),
('506', '1', '500', '1', '0'),
('507', '2', '900', '1', '0'),
('508', '3', '700', '0', '0'),
('509', '3', '1000', '0', '0'),
('600', '4', '600', '0', '0'),
('601', '3', '500', '1', '1'),
('602', '1', '600', '0', '0'),
('603', '2', '800', '1', '1'),
('604', '4', '600', '1', '1'),
('605', '4', '900', '1', '0'),
('606', '1', '500', '0', '1'),
('607', '4', '500', '0', '1'),
('608', '3', '500', '1', '0'),
('609', '3', '700', '0', '0'),
('700', '4', '900', '1', '0'),
('701', '4', '800', '1', '1'),
('702', '1', '500', '1', '0'),
('703', '1', '900', '1', '0'),
('704', '2', '900', '0', '1'),
('705', '2', '900', '1', '0'),
('706', '2', '600', '0', '0'),
('707', '4', '700', '1', '0'),
('708', '4', '800', '1', '0'),
('709', '3', '1000', '0', '0'),
('800', '3', '500', '1', '0'),
('801', '1', '900', '1', '0'),
('802', '4', '800', '0', '1'),
('803', '4', '800', '0', '0'),
('804', '4', '500', '1', '1'),
('805', '2', '800', '0', '1'),
('806', '3', '900', '0', '1'),
('807', '1', '900', '0', '1'),
('808', '3', '800', '1', '1'),
('809', '2', '700', '1', '1'),
('900', '4', '900', '0', '1'),
('901', '1', '500', '1', '0'),
('902', '4', '800', '1', '1'),
('903', '2', '1000', '0', '0'),
('904', '1', '500', '0', '1'),
('905', '1', '600', '0', '0'),
('906', '4', '600', '1', '1'),
('907', '4', '900', '0', '0'),
('908', '3', '600', '0', '0'),
('909', '4', '600', '1', '1');

insert into rezerwacje (klient_nr, pokoj_nr, liczba_osob, poczatek_rezerwacji, liczba_dni)
values ('72', '302', '2', '2019/1/27', '19');
insert into rezerwacje (klient_nr, pokoj_nr, liczba_osob, poczatek_rezerwacji, liczba_dni)
values ('30', '205', '2', '2019/6/30', '11');
insert into rezerwacje (klient_nr, pokoj_nr, liczba_osob, poczatek_rezerwacji, liczba_dni)
values ('48', '103', '4', '2019/11/27', '9');
insert into rezerwacje (klient_nr, pokoj_nr, liczba_osob, poczatek_rezerwacji, liczba_dni)
values ('182', '203', '1', '2019/7/19', '9');
insert into rezerwacje (klient_nr, pokoj_nr, liczba_osob, poczatek_rezerwacji, liczba_dni)
values ('68', '209', '3', '2019/2/19', '5');
insert into rezerwacje (klient_nr, pokoj_nr, liczba_osob, poczatek_rezerwacji, liczba_dni)
values ('178', '102', '3', '2019/7/14', '14');
insert into rezerwacje (klient_nr, pokoj_nr, liczba_osob, poczatek_rezerwacji, liczba_dni)
values ('182', '301', '4', '2019/6/13', '6');
insert into rezerwacje (klient_nr, pokoj_nr, liczba_osob, poczatek_rezerwacji, liczba_dni)
values ('119', '106', '3', '2019/11/22', '9');
insert into rezerwacje (klient_nr, pokoj_nr, liczba_osob, poczatek_rezerwacji, liczba_dni)
values ('70', '308', '1', '2019/12/24', '20');
insert into rezerwacje (klient_nr, pokoj_nr, liczba_osob, poczatek_rezerwacji, liczba_dni)
values ('45', '208', '4', '2019/8/3', '7');
insert into rezerwacje (klient_nr, pokoj_nr, liczba_osob, poczatek_rezerwacji, liczba_dni)
values ('177', '309', '1', '2019/6/28', '16');
insert into rezerwacje (klient_nr, pokoj_nr, liczba_osob, poczatek_rezerwacji, liczba_dni)
values ('134', '100', '2', '2019/1/23', '8');
insert into rezerwacje (klient_nr, pokoj_nr, liczba_osob, poczatek_rezerwacji, liczba_dni)
values ('22', '204', '3', '2019/3/18', '6');
insert into rezerwacje (klient_nr, pokoj_nr, liczba_osob, poczatek_rezerwacji, liczba_dni)
values ('177', '109', '3', '2019/6/22', '15');
insert into rezerwacje (klient_nr, pokoj_nr, liczba_osob, poczatek_rezerwacji, liczba_dni)
values ('3', '104', '4', '2019/1/15', '3');
insert into rezerwacje (klient_nr, pokoj_nr, liczba_osob, poczatek_rezerwacji, liczba_dni)
values ('35', '203', '2', '2019/12/8', '12');
insert into rezerwacje (klient_nr, pokoj_nr, liczba_osob, poczatek_rezerwacji, liczba_dni)
values ('108', '101', '3', '2019/7/22', '12');
insert into rezerwacje (klient_nr, pokoj_nr, liczba_osob, poczatek_rezerwacji, liczba_dni)
values ('113', '309', '4', '2019/6/3', '19');
insert into rezerwacje (klient_nr, pokoj_nr, liczba_osob, poczatek_rezerwacji, liczba_dni)
values ('117', '205', '2', '2019/7/21', '18');
insert into rezerwacje (klient_nr, pokoj_nr, liczba_osob, poczatek_rezerwacji, liczba_dni)
values ('66', '300', '1', '2019/5/29', '5');
insert into rezerwacje (klient_nr, pokoj_nr, liczba_osob, poczatek_rezerwacji, liczba_dni)
values ('34', '207', '3', '2019/1/12', '12');
insert into rezerwacje (klient_nr, pokoj_nr, liczba_osob, poczatek_rezerwacji, liczba_dni)
values ('169', '108', '4', '2019/12/2', '11');
insert into rezerwacje (klient_nr, pokoj_nr, liczba_osob, poczatek_rezerwacji, liczba_dni)
values ('76', '208', '1', '2019/8/11', '1');
insert into rezerwacje (klient_nr, pokoj_nr, liczba_osob, poczatek_rezerwacji, liczba_dni)
values ('125', '302', '3', '2019/3/22', '10');
insert into rezerwacje (klient_nr, pokoj_nr, liczba_osob, poczatek_rezerwacji, liczba_dni)
values ('198', '101', '4', '2019/10/18', '13');
insert into rezerwacje (klient_nr, pokoj_nr, liczba_osob, poczatek_rezerwacji, liczba_dni)
values ('129', '301', '4', '2019/4/4', '4');
insert into rezerwacje (klient_nr, pokoj_nr, liczba_osob, poczatek_rezerwacji, liczba_dni)
values ('197', '306', '1', '2019/1/28', '7');
insert into rezerwacje (klient_nr, pokoj_nr, liczba_osob, poczatek_rezerwacji, liczba_dni)
values ('33', '203', '3', '2019/9/29', '16');
insert into rezerwacje (klient_nr, pokoj_nr, liczba_osob, poczatek_rezerwacji, liczba_dni)
values ('179', '101', '3', '2019/12/20', '19');
insert into rezerwacje (klient_nr, pokoj_nr, liczba_osob, poczatek_rezerwacji, liczba_dni)
values ('175', '104', '2', '2019/10/11', '8');
insert into rezerwacje (klient_nr, pokoj_nr, liczba_osob, poczatek_rezerwacji, liczba_dni)
values ('134', '102', '3', '2019/5/23', '13');
insert into rezerwacje (klient_nr, pokoj_nr, liczba_osob, poczatek_rezerwacji, liczba_dni)
values ('194', '306', '2', '2019/10/10', '20');
insert into rezerwacje (klient_nr, pokoj_nr, liczba_osob, poczatek_rezerwacji, liczba_dni)
values ('14', '104', '3', '2019/2/20', '3');
insert into rezerwacje (klient_nr, pokoj_nr, liczba_osob, poczatek_rezerwacji, liczba_dni)
values ('16', '105', '4', '2019/10/2', '20');
insert into rezerwacje (klient_nr, pokoj_nr, liczba_osob, poczatek_rezerwacji, liczba_dni)
values ('109', '205', '4', '2019/7/27', '3');
insert into rezerwacje (klient_nr, pokoj_nr, liczba_osob, poczatek_rezerwacji, liczba_dni)
values ('76', '209', '3', '2019/1/7', '12');
insert into rezerwacje (klient_nr, pokoj_nr, liczba_osob, poczatek_rezerwacji, liczba_dni)
values ('159', '209', '4', '2019/12/10', '18');
insert into rezerwacje (klient_nr, pokoj_nr, liczba_osob, poczatek_rezerwacji, liczba_dni)
values ('38', '200', '2', '2019/12/13', '18');
insert into rezerwacje (klient_nr, pokoj_nr, liczba_osob, poczatek_rezerwacji, liczba_dni)
values ('175', '106', '1', '2019/2/24', '12');
insert into rezerwacje (klient_nr, pokoj_nr, liczba_osob, poczatek_rezerwacji, liczba_dni)
values ('133', '108', '4', '2019/10/12', '1');
insert into rezerwacje (klient_nr, pokoj_nr, liczba_osob, poczatek_rezerwacji, liczba_dni)
values ('118', '103', '2', '2019/4/30', '10');
insert into rezerwacje (klient_nr, pokoj_nr, liczba_osob, poczatek_rezerwacji, liczba_dni)
values ('187', '103', '2', '2019/8/25', '18');
insert into rezerwacje (klient_nr, pokoj_nr, liczba_osob, poczatek_rezerwacji, liczba_dni)
values ('148', '305', '4', '2019/12/30', '9');
insert into rezerwacje (klient_nr, pokoj_nr, liczba_osob, poczatek_rezerwacji, liczba_dni)
values ('64', '307', '3', '2019/7/4', '5');
insert into rezerwacje (klient_nr, pokoj_nr, liczba_osob, poczatek_rezerwacji, liczba_dni)
values ('88', '206', '3', '2019/1/16', '21');
insert into rezerwacje (klient_nr, pokoj_nr, liczba_osob, poczatek_rezerwacji, liczba_dni)
values ('45', '309', '2', '2019/1/26', '12');
insert into rezerwacje (klient_nr, pokoj_nr, liczba_osob, poczatek_rezerwacji, liczba_dni)
values ('92', '306', '2', '2019/11/28', '5');
insert into rezerwacje (klient_nr, pokoj_nr, liczba_osob, poczatek_rezerwacji, liczba_dni)
values ('79', '305', '3', '2019/2/16', '7');
insert into rezerwacje (klient_nr, pokoj_nr, liczba_osob, poczatek_rezerwacji, liczba_dni)
values ('115', '105', '3', '2019/3/7', '7');
insert into rezerwacje (klient_nr, pokoj_nr, liczba_osob, poczatek_rezerwacji, liczba_dni)
values ('1', '100', '1', '2019/3/23', '2');
insert into rezerwacje (klient_nr, pokoj_nr, liczba_osob, poczatek_rezerwacji, liczba_dni)
values ('117', '108', '3', '2019/4/25', '21');
insert into rezerwacje (klient_nr, pokoj_nr, liczba_osob, poczatek_rezerwacji, liczba_dni)
values ('181', '306', '4', '2019/1/12', '20');
insert into rezerwacje (klient_nr, pokoj_nr, liczba_osob, poczatek_rezerwacji, liczba_dni)
values ('121', '108', '2', '2019/6/17', '13');
insert into rezerwacje (klient_nr, pokoj_nr, liczba_osob, poczatek_rezerwacji, liczba_dni)
values ('166', '208', '1', '2019/11/26', '3');
insert into rezerwacje (klient_nr, pokoj_nr, liczba_osob, poczatek_rezerwacji, liczba_dni)
values ('125', '200', '4', '2019/5/5', '9');
insert into rezerwacje (klient_nr, pokoj_nr, liczba_osob, poczatek_rezerwacji, liczba_dni)
values ('192', '207', '4', '2019/4/17', '18');
insert into rezerwacje (klient_nr, pokoj_nr, liczba_osob, poczatek_rezerwacji, liczba_dni)
values ('26', '105', '2', '2019/10/9', '5');
insert into rezerwacje (klient_nr, pokoj_nr, liczba_osob, poczatek_rezerwacji, liczba_dni)
values ('9', '201', '3', '2019/9/22', '7');
insert into rezerwacje (klient_nr, pokoj_nr, liczba_osob, poczatek_rezerwacji, liczba_dni)
values ('107', '108', '2', '2019/10/5', '3');
insert into rezerwacje (klient_nr, pokoj_nr, liczba_osob, poczatek_rezerwacji, liczba_dni)
values ('11', '309', '2', '2019/8/23', '8');
insert into rezerwacje (klient_nr, pokoj_nr, liczba_osob, poczatek_rezerwacji, liczba_dni)
values ('120', '209', '2', '2019/1/30', '8');
insert into rezerwacje (klient_nr, pokoj_nr, liczba_osob, poczatek_rezerwacji, liczba_dni)
values ('114', '306', '2', '2019/7/9', '14');
insert into rezerwacje (klient_nr, pokoj_nr, liczba_osob, poczatek_rezerwacji, liczba_dni)
values ('137', '302', '4', '2019/9/1', '12');
insert into rezerwacje (klient_nr, pokoj_nr, liczba_osob, poczatek_rezerwacji, liczba_dni)
values ('171', '302', '3', '2019/1/5', '11');
insert into rezerwacje (klient_nr, pokoj_nr, liczba_osob, poczatek_rezerwacji, liczba_dni)
values ('21', '207', '3', '2019/10/12', '16');
insert into rezerwacje (klient_nr, pokoj_nr, liczba_osob, poczatek_rezerwacji, liczba_dni)
values ('152', '200', '2', '2019/5/6', '11');
insert into rezerwacje (klient_nr, pokoj_nr, liczba_osob, poczatek_rezerwacji, liczba_dni)
values ('87', '107', '3', '2019/6/3', '14');
insert into rezerwacje (klient_nr, pokoj_nr, liczba_osob, poczatek_rezerwacji, liczba_dni)
values ('41', '202', '4', '2019/8/6', '18');
insert into rezerwacje (klient_nr, pokoj_nr, liczba_osob, poczatek_rezerwacji, liczba_dni)
values ('90', '201', '1', '2019/11/8', '9');
insert into rezerwacje (klient_nr, pokoj_nr, liczba_osob, poczatek_rezerwacji, liczba_dni)
values ('169', '106', '3', '2019/4/7', '2');
insert into rezerwacje (klient_nr, pokoj_nr, liczba_osob, poczatek_rezerwacji, liczba_dni)
values ('61', '201', '4', '2019/4/9', '19');
insert into rezerwacje (klient_nr, pokoj_nr, liczba_osob, poczatek_rezerwacji, liczba_dni)
values ('81', '207', '1', '2019/1/22', '2');
insert into rezerwacje (klient_nr, pokoj_nr, liczba_osob, poczatek_rezerwacji, liczba_dni)
values ('143', '307', '3', '2019/9/12', '10');
insert into rezerwacje (klient_nr, pokoj_nr, liczba_osob, poczatek_rezerwacji, liczba_dni)
values ('142', '204', '1', '2019/5/18', '14');
insert into rezerwacje (klient_nr, pokoj_nr, liczba_osob, poczatek_rezerwacji, liczba_dni)
values ('156', '103', '2', '2019/1/5', '5');
insert into rezerwacje (klient_nr, pokoj_nr, liczba_osob, poczatek_rezerwacji, liczba_dni)
values ('131', '308', '2', '2019/1/5', '20');
insert into rezerwacje (klient_nr, pokoj_nr, liczba_osob, poczatek_rezerwacji, liczba_dni)
values ('86', '203', '3', '2019/12/22', '8');
insert into rezerwacje (klient_nr, pokoj_nr, liczba_osob, poczatek_rezerwacji, liczba_dni)
values ('175', '303', '4', '2019/5/10', '8');
insert into rezerwacje (klient_nr, pokoj_nr, liczba_osob, poczatek_rezerwacji, liczba_dni)
values ('109', '301', '2', '2019/10/24', '9');
insert into rezerwacje (klient_nr, pokoj_nr, liczba_osob, poczatek_rezerwacji, liczba_dni)
values ('10', '207', '4', '2019/9/25', '13');
insert into rezerwacje (klient_nr, pokoj_nr, liczba_osob, poczatek_rezerwacji, liczba_dni)
values ('159', '107', '1', '2019/2/8', '5');
insert into rezerwacje (klient_nr, pokoj_nr, liczba_osob, poczatek_rezerwacji, liczba_dni)
values ('144', '309', '1', '2019/11/6', '16');
insert into rezerwacje (klient_nr, pokoj_nr, liczba_osob, poczatek_rezerwacji, liczba_dni)
values ('71', '103', '3', '2019/6/12', '10');
insert into rezerwacje (klient_nr, pokoj_nr, liczba_osob, poczatek_rezerwacji, liczba_dni)
values ('111', '106', '3', '2019/4/12', '18');
insert into rezerwacje (klient_nr, pokoj_nr, liczba_osob, poczatek_rezerwacji, liczba_dni)
values ('88', '305', '2', '2019/4/15', '10');
insert into rezerwacje (klient_nr, pokoj_nr, liczba_osob, poczatek_rezerwacji, liczba_dni)
values ('53', '102', '3', '2019/5/19', '3');
insert into rezerwacje (klient_nr, pokoj_nr, liczba_osob, poczatek_rezerwacji, liczba_dni)
values ('161', '306', '1', '2019/2/27', '1');
insert into rezerwacje (klient_nr, pokoj_nr, liczba_osob, poczatek_rezerwacji, liczba_dni)
values ('93', '208', '1', '2019/11/29', '4');
insert into rezerwacje (klient_nr, pokoj_nr, liczba_osob, poczatek_rezerwacji, liczba_dni)
values ('141', '306', '3', '2019/7/16', '15');
insert into rezerwacje (klient_nr, pokoj_nr, liczba_osob, poczatek_rezerwacji, liczba_dni)
values ('35', '308', '1', '2019/6/23', '15');
insert into rezerwacje (klient_nr, pokoj_nr, liczba_osob, poczatek_rezerwacji, liczba_dni)
values ('8', '206', '2', '2019/12/9', '10');
insert into rezerwacje (klient_nr, pokoj_nr, liczba_osob, poczatek_rezerwacji, liczba_dni)
values ('136', '107', '1', '2019/11/30', '1');
insert into rezerwacje (klient_nr, pokoj_nr, liczba_osob, poczatek_rezerwacji, liczba_dni)
values ('129', '300', '1', '2019/7/2', '3');
insert into rezerwacje (klient_nr, pokoj_nr, liczba_osob, poczatek_rezerwacji, liczba_dni)
values ('180', '102', '1', '2019/2/14', '20');
insert into rezerwacje (klient_nr, pokoj_nr, liczba_osob, poczatek_rezerwacji, liczba_dni)
values ('56', '204', '1', '2019/5/13', '16');
insert into rezerwacje (klient_nr, pokoj_nr, liczba_osob, poczatek_rezerwacji, liczba_dni)
values ('122', '209', '3', '2019/2/6', '8');
insert into rezerwacje (klient_nr, pokoj_nr, liczba_osob, poczatek_rezerwacji, liczba_dni)
values ('85', '202', '1', '2019/2/4', '1');
insert into rezerwacje (klient_nr, pokoj_nr, liczba_osob, poczatek_rezerwacji, liczba_dni)
values ('47', '200', '2', '2019/3/1', '4');
insert into rezerwacje (klient_nr, pokoj_nr, liczba_osob, poczatek_rezerwacji, liczba_dni)
values ('109', '207', '1', '2019/4/23', '1');
insert into rezerwacje (klient_nr, pokoj_nr, liczba_osob, poczatek_rezerwacji, liczba_dni)
values ('23', '109', '1', '2019/4/25', '4');
insert into rezerwacje (klient_nr, pokoj_nr, liczba_osob, poczatek_rezerwacji, liczba_dni)
values ('151', '101', '1', '2019/8/21', '13');
insert into rezerwacje (klient_nr, pokoj_nr, liczba_osob, poczatek_rezerwacji, liczba_dni)
values ('132', '105', '3', '2019/8/7', '21');
insert into rezerwacje (klient_nr, pokoj_nr, liczba_osob, poczatek_rezerwacji, liczba_dni)
values ('114', '307', '1', '2019/2/27', '13');
insert into rezerwacje (klient_nr, pokoj_nr, liczba_osob, poczatek_rezerwacji, liczba_dni)
values ('120', '105', '2', '2019/1/10', '1');
insert into rezerwacje (klient_nr, pokoj_nr, liczba_osob, poczatek_rezerwacji, liczba_dni)
values ('37', '208', '2', '2019/12/29', '14');
insert into rezerwacje (klient_nr, pokoj_nr, liczba_osob, poczatek_rezerwacji, liczba_dni)
values ('173', '205', '2', '2019/3/4', '14');
insert into rezerwacje (klient_nr, pokoj_nr, liczba_osob, poczatek_rezerwacji, liczba_dni)
values ('68', '309', '3', '2019/4/14', '15');
insert into rezerwacje (klient_nr, pokoj_nr, liczba_osob, poczatek_rezerwacji, liczba_dni)
values ('168', '304', '2', '2019/11/29', '11');
insert into rezerwacje (klient_nr, pokoj_nr, liczba_osob, poczatek_rezerwacji, liczba_dni)
values ('128', '104', '4', '2019/11/20', '11');
insert into rezerwacje (klient_nr, pokoj_nr, liczba_osob, poczatek_rezerwacji, liczba_dni)
values ('107', '106', '4', '2019/2/13', '3');
insert into rezerwacje (klient_nr, pokoj_nr, liczba_osob, poczatek_rezerwacji, liczba_dni)
values ('81', '300', '2', '2019/9/5', '17');
insert into rezerwacje (klient_nr, pokoj_nr, liczba_osob, poczatek_rezerwacji, liczba_dni)
values ('174', '105', '4', '2019/8/13', '6');
insert into rezerwacje (klient_nr, pokoj_nr, liczba_osob, poczatek_rezerwacji, liczba_dni)
values ('97', '203', '1', '2019/8/16', '9');
insert into rezerwacje (klient_nr, pokoj_nr, liczba_osob, poczatek_rezerwacji, liczba_dni)
values ('126', '102', '4', '2019/7/18', '8');
insert into rezerwacje (klient_nr, pokoj_nr, liczba_osob, poczatek_rezerwacji, liczba_dni)
values ('171', '202', '4', '2019/10/12', '9');
insert into rezerwacje (klient_nr, pokoj_nr, liczba_osob, poczatek_rezerwacji, liczba_dni)
values ('153', '201', '4', '2019/7/26', '1');
insert into rezerwacje (klient_nr, pokoj_nr, liczba_osob, poczatek_rezerwacji, liczba_dni)
values ('194', '108', '4', '2019/12/4', '5');
insert into rezerwacje (klient_nr, pokoj_nr, liczba_osob, poczatek_rezerwacji, liczba_dni)
values ('132', '304', '1', '2019/6/30', '15');
insert into rezerwacje (klient_nr, pokoj_nr, liczba_osob, poczatek_rezerwacji, liczba_dni)
values ('38', '308', '3', '2019/5/18', '20');
insert into rezerwacje (klient_nr, pokoj_nr, liczba_osob, poczatek_rezerwacji, liczba_dni)
values ('149', '207', '4', '2019/10/9', '10');