INSERT INTO dzialy VALUES (10, 'ZARZAD', 'CZESTOCHOWA');
INSERT INTO dzialy VALUES (20, 'PRODUKCJA', 'HONG KONG');
INSERT INTO dzialy VALUES (30, 'ZAOPATRZENIE', 'AMSTERDAM');
INSERT INTO dzialy VALUES (40, 'MARKETING', 'PARYZ');
INSERT INTO dzialy VALUES (50, 'BADANIA', 'JAMAJKA');
INSERT INTO dzialy VALUES (60, 'KSIEGOWOSC','WIEDEN');
INSERT INTO dzialy VALUES (70, 'SPRZEDAZ', 'CZESTOCHOWA');
INSERT INTO dzialy VALUES (80, 'MAGAZYN', 'KLOBUCK');
INSERT INTO stanowiska VALUES ('PREZES',6700,9000);
INSERT INTO stanowiska VALUES ('CZLONEK ZARZADU',4000,6000);
INSERT INTO stanowiska VALUES ('GLOWNY INFORMATYK',3000,5000);
INSERT INTO stanowiska VALUES ('DYREKTOR',4000,6000);
INSERT INTO stanowiska VALUES ('TECHNOLOG',1500,2500);
INSERT INTO stanowiska VALUES ('OPERATOR',1200,2000);
INSERT INTO stanowiska VALUES ('LABORANT', 1150, 1500);
INSERT INTO stanowiska VALUES ('INFORMATYK', 1500, 3000);
INSERT INTO stanowiska VALUES ('LOGISTYK', 1200, 2000);
INSERT INTO stanowiska VALUES ('MANAGER', 2000, 3000);
INSERT INTO stanowiska VALUES ('GRAFIK', 1200, 2200);
INSERT INTO stanowiska VALUES ('GLOWNY KSIEGOWY', 2500,3500);
INSERT INTO stanowiska VALUES ('KSIEGOWY', 2000, 3000);
INSERT INTO stanowiska VALUES ('REFERENT', 1200, 1500);
INSERT INTO stanowiska VALUES ('SPRZEDAWCA', 1200, 1500);
INSERT INTO stanowiska VALUES ('MANAGER GRUPY', 2500, 3500);
INSERT INTO stanowiska VALUES ('AKWIZYTOR', 1150, 1500);
INSERT INTO stanowiska VALUES ('PRAKTYKANT', 1150, 1300);
INSERT INTO pracownicy VALUES (8901, 'KROL', 'PREZES', NULL, To_date('1989/07/01','yyyy/mm/dd'), NULL, 7000, 4000, NULL, 10);
INSERT INTO pracownicy VALUES (8902, 'MICHALSKI', 'DYREKTOR', 8901, To_date('1989/08/15','yyyy/mm/dd'), NULL, 5000, 1500, NULL,	40);
INSERT INTO pracownicy VALUES (9121, 'KUKULSKI', 'DYREKTOR', 8901, To_date('1991/04/02','yyyy/mm/dd'), NULL,	5000, 1500, NULL, 30);
INSERT INTO pracownicy VALUES (9011, 'WIERZBICKI', 'INFORMATYK', 8902, To_date('1990/03/20','yyyy/mm/dd'), NULL, 2000, NULL, NULL, 40);
INSERT INTO pracownicy VALUES (9235, 'FIKUS', 'DYREKTOR', 8901, To_date('1994/09/16','yyyy/mm/dd'), NULL,  5000, 1500, NULL, 70);
INSERT INTO pracownicy VALUES (8904, 'SKALSKI', 'GLOWNY INFORMATYK', 8901, To_date('1989/08/18','yyyy/mm/dd'), NULL, 3500, 2500, NULL, 10);
INSERT INTO pracownicy VALUES (8910, 'MONIUSZKO', 'DYREKTOR', 8901, To_date('1989/09/01','yyyy/mm/dd'), NULL, 5000, 1500, NULL, 20);
INSERT INTO pracownicy VALUES (8911, 'WRZOSEK', 'OPERATOR', 8910, To_date('1989/11/10','yyyy/mm/dd'), NULL, 1500, NULL, NULL, 20);
INSERT INTO pracownicy VALUES (9411, 'LISIECKI', 'LABORANT', 8910, To_date('1994/09/10','yyyy/mm/dd'), NULL, 1300, NULL,	 NULL, 20);
INSERT INTO pracownicy VALUES (8932, 'BRZOZKA', 'GLOWNY KSIEGOWY', 8901, To_date('1989/12/06','yyyy/mm/dd'), NULL, 3000, 2000, NULL, 60);
INSERT INTO pracownicy VALUES (8913, 'KOWALSKA', 'CZLONEK ZARZADU', 8901, To_date('1989/11/15','yyyy/mm/dd'), NULL, 5000, 2000, NULL, 10);
INSERT INTO pracownicy VALUES (9010, 'WISNIEWSKA', 'GRAFIK', 8902, To_date('1990/02/12','yyyy/mm/dd'), NULL, 1800, NULL, NULL, 40);
INSERT INTO pracownicy VALUES (9025, 'MALIK', 'LOGISTYK', 9121, To_date('1990/06/01','yyyy/mm/dd'), NULL, 1500, NULL, NULL, 30);
INSERT INTO pracownicy VALUES (9332, 'PRUSINSKA', 'DYREKTOR', 8901, To_date('1997/07/15','yyyy/mm/dd'), NULL, 5000, 1500, NULL, 50);
INSERT INTO pracownicy VALUES (9027, 'GADULA', 'LOGISTYK', 9121, To_date('1990/06/20','yyyy/mm/dd'), NULL, 1500, NULL, NULL, 30);
INSERT INTO pracownicy VALUES (9028, 'LESZCZYNSKI', 'SPRZEDAWCA', 9235, To_date('1990/08/10','yyyy/mm/dd'), NULL, 1200, NULL, 6000, 70);
INSERT INTO pracownicy VALUES (9102, 'KOWALCZYK', 'AKWIZYTOR', 9235, To_date('1991/01/10','yyyy/mm/dd'), NULL, 1200, NULL, 12000, 70);
INSERT INTO pracownicy VALUES (9122, 'WOJCIK', 'KSIEGOWY', 8932, To_date('1991/05/10','yyyy/mm/dd'), NULL, 2200, NULL, NULL, 60);
INSERT INTO pracownicy VALUES (9130, 'LELIWA', 'MANAGER', 8902, To_date('1991/06/01','yyyy/mm/dd'), NULL, 2200, NULL, NULL, 40);
INSERT INTO pracownicy VALUES (8920, 'WOJCIK', 'TECHNOLOG', 8910, To_date('1989/12/01','yyyy/mm/dd'), NULL, 1800, NULL, NULL, 20);
INSERT INTO pracownicy VALUES (9337, 'MAZUR', 'INFORMATYK', 8932, To_date('1993/07/12','yyyy/mm/dd'), NULL, 2000, NULL, NULL, 60);
INSERT INTO pracownicy VALUES (9345, 'SZCZESNY', 'OPERATOR', 8910, To_date('1993/10/05','yyyy/mm/dd'), NULL, 1500, NULL, NULL, 20);
INSERT INTO pracownicy VALUES (9403, 'BIELECKA', 'REFERENT', 8932, To_date('1994/03/01','yyyy/mm/dd'), NULL, 1400, NULL, NULL, 60);
INSERT INTO pracownicy VALUES (9120, 'RYBAK', 'TECHNOLOG', 8910, To_date('1991/01/20','yyyy/mm/dd'), NULL, 1800, NULL, NULL, 20);
INSERT INTO pracownicy VALUES (9641, 'MALYSZ', 'MANAGER GRUPY', 9235,To_date('1996/12/05','yyyy/mm/dd'), NULL, 3000, 500, 10000, 70);
INSERT INTO pracownicy VALUES (9731, 'NAWROCKI', 'LABORANT', 9332, To_date('1997/04/01','yyyy/mm/dd'), NULL, 1300, NULL, NULL, 50);
INSERT INTO pracownicy VALUES (9780, 'SAMOSINSKI', 'PRAKTYKANT', 9332, To_date('2006/04/01','yyyy/mm/dd'), NULL, 1150, NULL, NULL, NULL);
